id_em;nombre;id_club
1;Darbie;101
2;Dena;101
3;Norbert;101
4;Jakie;102
5;Sky;102
6;Mellie;102
7;Norbert;103
8;Gibby;103
9;Nan;103
10;Riki;104
11;Fonsie;104
12;Elisa;104
13;Mordecai;105
14;Merrielle;105
15;Pace;105
16;Laurena;106
17;Michaella;106
18;Cully;106
19;Danella;107
20;Engracia;107
21;Sheeree;107
22;Sib;108
23;Roosevelt;108
24;Meg;108
25;Rikki;109
26;Barbey;109
27;Cassandre;109
28;Ben;110
29;Philippine;110
30;Bernadina;110
31;Brenn;111
32;Boycie;111
33;Bonnie;111
34;Cathyleen;112
35;Lark;112
36;Dean;112
37;Blayne;113
38;Roze;113
39;Averil;113
40;Quintilla;114
41;Benedict;114
42;Cathi;114
43;Cort;115
44;Jeri;115
45;Darline;115
46;Marketa;116
47;Jody;116
48;Arielle;116
49;Hakim;117
50;Nadya;117
51;Gratiana;117
52;Lizzie;118
53;Calvin;118
54;Demetris;118
55;Harlen;119
56;Rosita;119
57;Brynn;119
58;Mellicent;120
59;Willamina;120
60;Adaline;120
